id,region_id,name_en,name_cy,example_postcode,population,boundary
"W09000001","W10000001","Ynys Môn","Ynys Môn","LL625HA",70043,"SRID=4326;POLYGON((-4.42 53.1623,-4.3872 53.1695,-4.3863 53.191,-4.4436 53.155,-4.4667 53.1822,-4.4864 53.1772,-4.4881 53.1865,-4.5042 53.1871,-4.4973 53.2072,-4.5239 53.2266,-4.5218 53.232,-4.5555 53.2497,-4.5757 53.2725,-4.5726 53.2616,-4.5562 53.2452,-4.5975 53.2403,-4.6132 53.2465,-4.6088 53.2564,-4.6256 53.2693,-4.6177 53.2793,-4.6516 53.2879,-4.6619 53.2859,-4.6866 53.284,-4.6777 53.2983,-4.7004 53.3065,-4.6833 53.3132,-4.6813 53.3234,-4.6618 53.3189,-4.6481 53.3199,-4.6277 53.3144,-4.6232 53.3179,-4.6313 53.3077,-4.6208 53.3127,-4.6099 53.3025,-4.5881 53.3018,-4.588 53.2927,-4.5748 53.2879,-4.5402 53.3077,-4.5666 53.301,-4.5621 53.3165,-4.5845 53.3312,-4.5551 53.3739,-4.5742 53.4037,-4.5299 53.4061,-4.5103 53.4169,-4.5095 53.4094,-4.492 53.4112,-4.4779 53.4223,-4.4502 53.4129,-4.451 53.4229,-4.4247 53.4298,-4.4025 53.4209,-4.3684 53.4241,-4.3564 53.4142,-4.3386 53.4195,-4.3344 53.4132,-4.3254 53.4184,-4.293 53.4111,-4.2874 53.417,-4.2694 53.3905,-4.2906 53.3668,-4.2731 53.3754,-4.2647 53.3608,-4.2302 53.3577,-4.2339 53.3407,-4.2045 53.314,-4.2145 53.2987,-4.2041 53.2923,-4.1435 53.3053,-4.1197 53.3191,-4.0402 53.3106,-4.0715 53.2907,-4.1005 53.2548,-4.1565 53.2325,-4.1631 53.2214,-4.1769 53.2236,-4.2028 53.2157,-4.2185 53.1856,-4.3042 53.147,-4.3249 53.1453,-4.3381 53.1532,-4.3287 53.1266,-4.3987 53.145,-4.4147 53.1344,-4.4076 53.1443,-4.42 53.1623))"
"W09000002","W10000001","Arfon","Arfon","LL564RJ",62829,"SRID=4326;POLYGON((-4.0292 53.0756,-4.0752 53.0755,-4.0791 53.0438,-4.0981 53.0337,-4.1598 53.0308,-4.171 53.04,-4.1856 53.0395,-4.229 53.0175,-4.2603 53.0285,-4.2862 53.0093,-4.2923 53.0323,-4.2952 53.0432,-4.3194 53.0412,-4.3208 53.053,-4.3216 53.0591,-4.3223 53.0655,-4.3385 53.0657,-4.3466 53.1143,-4.3363 53.1229,-4.3196 53.1215,-4.3338 53.114,-4.3193 53.0928,-4.3057 53.1079,-4.3138 53.1066,-4.3119 53.1272,-4.2833 53.1395,-4.2737 53.1327,-4.278 53.1432,-4.212 53.1833,-4.1994 53.21,-4.1659 53.2187,-4.1598 53.2207,-4.1225 53.2372,-4.1145 53.2314,-4.1132 53.2369,-4.1064 53.2323,-4.0911 53.2366,-4.0856 53.2257,-4.0074 53.2469,-3.9663 53.2287,-3.9353 53.2149,-3.9382 53.2054,-3.9403 53.1988,-3.965 53.1834,-3.9703 53.1602,-4.0079 53.1438,-4.0201 53.1248,-4.0311 53.1064,-4.0141 53.1035,-4.0136 53.0897,-4.0292 53.0756))"
"W09000003","W10000001","Aberconwy","Aberconwy","LL309GG",59177,"SRID=4326;POLYGON((-3.776 53.2861,-3.7581 53.2791,-3.7579 53.2551,-3.7435 53.2473,-3.74 53.2455,-3.7427 53.1905,-3.7298 53.1623,-3.7412 53.158,-3.7081 53.1349,-3.7017 53.1011,-3.719 53.0499,-3.6919 53.0453,-3.6982 53.0296,-3.6698 53.0193,-3.6886 52.995,-3.683 52.9869,-3.7353 52.9798,-3.7697 52.9593,-3.8132 52.9494,-3.841 52.9623,-3.8494 52.9773,-3.8962 52.9958,-3.8878 53.0116,-3.8989 53.0206,-3.9633 53.0108,-3.9902 53.0136,-3.9972 53.0376,-3.9771 53.0689,-3.9913 53.0765,-3.9867 53.0842,-4.0136 53.0897,-4.0141 53.1035,-4.0311 53.1064,-4.0201 53.1248,-4.0079 53.1438,-3.9703 53.1602,-3.965 53.1834,-3.9403 53.1988,-3.9382 53.2054,-3.9353 53.2149,-3.9663 53.2287,-4.0074 53.2469,-3.9828 53.2597,-3.8417 53.2955,-3.8231 53.2806,-3.8447 53.3192,-3.8789 53.3393,-3.833 53.338,-3.8187 53.3228,-3.7752 53.3283,-3.7648 53.3188,-3.7562 53.3172,-3.776 53.2861))"
"W09000004","W10000001","Clwyd West","Gorllewin Clwyd","LL151ZG",73508,"SRID=4326;POLYGON((-3.5111 53.3128,-3.5088 53.3107,-3.4976 53.3008,-3.5054 53.2931,-3.5265 53.2723,-3.5183 53.2564,-3.5332 53.2498,-3.5241 53.2397,-3.5092 53.2416,-3.466 53.2208,-3.4745 53.1764,-3.4618 53.1646,-3.43 53.1576,-3.4203 53.167,-3.4077 53.1636,-3.3619 53.1822,-3.3574 53.149,-3.3909 53.1279,-3.3836 53.1152,-3.3487 53.1228,-3.339 53.1131,-3.325 53.1172,-3.3282 53.1258,-3.3092 53.131,-3.333 53.1549,-3.3033 53.1689,-3.3093 53.1762,-3.2782 53.182,-3.2712 53.1575,-3.225 53.1532,-3.2082 53.1598,-3.1823 53.154,-3.1725 53.1109,-3.1459 53.1039,-3.1518 53.0932,-3.1296 53.0724,-3.1478 53.0438,-3.1323 53.0211,-3.193 53.0251,-3.289 52.9948,-3.3024 53.0077,-3.3354 53.002,-3.3373 53.0113,-3.3791 52.9944,-3.3987 53.0031,-3.4247 53.0031,-3.4513 52.9934,-3.455 52.9975,-3.458 52.9849,-3.5045 52.9653,-3.5338 52.9737,-3.583 52.9675,-3.6108 52.996,-3.5995 53.0099,-3.6068 53.0121,-3.6729 52.997,-3.683 52.9869,-3.6886 52.995,-3.6698 53.0193,-3.6982 53.0296,-3.6919 53.0453,-3.719 53.0499,-3.7017 53.1011,-3.7081 53.1349,-3.7412 53.158,-3.7298 53.1623,-3.7427 53.1905,-3.74 53.2455,-3.7435 53.2473,-3.7579 53.2551,-3.7581 53.2791,-3.776 53.2861,-3.7562 53.3172,-3.7391 53.3142,-3.7317 53.3001,-3.7064 53.2937,-3.6059 53.2908,-3.512 53.3169,-3.509 53.316,-3.5111 53.3128))"
"W09000005","W10000001","Vale of Clwyd","Dyffryn Clwyd","LL164NY",72505,"SRID=4326;POLYGON((-3.3093 53.1762,-3.3033 53.1689,-3.333 53.1549,-3.3092 53.131,-3.3282 53.1258,-3.325 53.1172,-3.339 53.1131,-3.3487 53.1228,-3.3836 53.1152,-3.3909 53.1279,-3.3574 53.149,-3.3619 53.1822,-3.4077 53.1636,-3.4203 53.167,-3.43 53.1576,-3.4618 53.1646,-3.4745 53.1764,-3.466 53.2208,-3.5092 53.2416,-3.5241 53.2397,-3.5332 53.2498,-3.5183 53.2564,-3.5265 53.2723,-3.5054 53.2931,-3.4976 53.3008,-3.5088 53.3107,-3.5111 53.3128,-3.509 53.316,-3.5064 53.3154,-3.4806 53.3283,-3.3634 53.352,-3.3691 53.3342,-3.3918 53.3271,-3.4006 53.3138,-3.3813 53.3158,-3.3943 53.3017,-3.3751 53.2916,-3.3558 53.2971,-3.357 53.2839,-3.3298 53.2732,-3.3618 53.2531,-3.3337 53.2367,-3.3044 53.2329,-3.3224 53.2204,-3.3171 53.21,-3.3042 53.208,-3.311 53.2007,-3.2782 53.182,-3.3093 53.1762))"
"W09000006","W10000001","Delyn","Delyn","CH71ZJ",70093,"SRID=4326;MULTIPOLYGON(((-3.2732 53.3205,-3.2614 53.3261,-3.2582 53.3145,-3.2031 53.2944,-3.1353 53.2537,-3.0873 53.2352,-3.1016 53.2126,-3.0924 53.2075,-3.079 53.2,-3.1035 53.1811,-3.094 53.1776,-3.1012 53.1674,-3.0852 53.1527,-3.0606 53.15,-3.0516 53.1294,-3.08 53.1348,-3.0921 53.126,-3.133 53.1313,-3.1467 53.115,-3.1725 53.1109,-3.1823 53.154,-3.2082 53.1598,-3.225 53.1532,-3.2712 53.1575,-3.2782 53.182,-3.311 53.2007,-3.3042 53.208,-3.3171 53.21,-3.3224 53.2204,-3.3044 53.2329,-3.3337 53.2367,-3.3618 53.2531,-3.3298 53.2732,-3.357 53.2839,-3.3558 53.2971,-3.3751 53.2916,-3.3943 53.3017,-3.3813 53.3158,-3.4006 53.3138,-3.3918 53.3271,-3.3691 53.3342,-3.3634 53.352,-3.3097 53.3558,-3.3155 53.3478,-3.3036 53.3349,-3.2732 53.3205)),((-3.0765 53.2432,-3.0984 53.2539,-3.0703 53.2535,-3.0611 53.2531,-3.0765 53.2432)),((-3.0837 53.2388,-3.0868 53.2405,-3.0938 53.2444,-3.0794 53.2415,-3.0837 53.2388)))"
"W09000007","W10000001","Alyn and Deeside","Alun a Glannau Dyfrdwy","CH40HU",86007,"SRID=4326;POLYGON((-2.9984 53.2358,-2.9223 53.1893,-2.9278 53.1714,-2.9951 53.1542,-2.9795 53.1506,-2.9638 53.1327,-2.9974 53.1294,-3.0291 53.1035,-3.0276 53.093,-3.0317 53.0974,-3.0387 53.0915,-3.0628 53.085,-3.0713 53.0896,-3.1296 53.0724,-3.1518 53.0932,-3.1459 53.1039,-3.1725 53.1109,-3.1467 53.115,-3.133 53.1313,-3.0921 53.126,-3.08 53.1348,-3.0516 53.1294,-3.0606 53.15,-3.0852 53.1527,-3.1012 53.1674,-3.094 53.1776,-3.1035 53.1811,-3.079 53.2,-3.0924 53.2075,-3.1016 53.2126,-3.0873 53.2352,-3.0811 53.2328,-3.0558 53.223,-3.0837 53.2388,-3.0794 53.2415,-3.0685 53.2392,-3.0765 53.2432,-3.0611 53.2531,-3.036 53.2518,-2.9984 53.2358))"
"W09000008","W10000001","Wrexham","Wrecsam","LL112AN",71250,"SRID=4326;POLYGON((-2.8811 53.1216,-2.9021 53.092,-2.8757 53.0815,-2.8816 53.0744,-2.8615 53.0606,-2.8726 53.0586,-2.8592 53.0542,-2.8701 53.0453,-2.8606 53.04,-2.8789 53.018,-2.9136 53.0348,-2.953 53.0286,-2.9749 53.0356,-2.9929 53.0291,-3.0309 53.0402,-3.013 53.0524,-3.0439 53.0856,-3.0387 53.0915,-3.0317 53.0974,-3.0276 53.093,-3.0291 53.1035,-2.9974 53.1294,-2.9638 53.1327,-2.9102 53.1126,-2.8811 53.1216))"
"W09000009","W10000001","Clwyd South","De Clwyd","LL219NU",72416,"SRID=4326;POLYGON((-2.8557 53.0372,-2.861 53.0228,-2.8441 53.0177,-2.836 52.9971,-2.8033 52.9896,-2.7683 52.9948,-2.7599 52.9864,-2.7268 52.9833,-2.7353 52.9699,-2.7242 52.9571,-2.7284 52.9253,-2.7553 52.9246,-2.7989 52.8957,-2.841 52.9426,-2.8835 52.9466,-2.8874 52.9525,-2.9289 52.9387,-2.9598 52.9512,-2.975 52.969,-2.982 52.9592,-3.0097 52.9562,-3.0351 52.9295,-3.0765 52.9255,-3.096 52.9303,-3.1142 52.894,-3.1475 52.8902,-3.1744 52.9016,-3.2054 52.8931,-3.233 52.867,-3.2618 52.8666,-3.3456 52.8925,-3.375 52.8924,-3.3888 52.8761,-3.4693 52.8619,-3.483 52.8654,-3.4736 52.8713,-3.4885 52.8953,-3.4651 52.9203,-3.4914 52.9337,-3.4467 52.9632,-3.4487 52.9738,-3.4368 52.9808,-3.458 52.9849,-3.455 52.9975,-3.4513 52.9934,-3.4247 53.0031,-3.3987 53.0031,-3.3791 52.9944,-3.3373 53.0113,-3.3354 53.002,-3.3024 53.0077,-3.289 52.9948,-3.193 53.0251,-3.1323 53.0211,-3.1478 53.0438,-3.1296 53.0724,-3.0713 53.0896,-3.0628 53.085,-3.0387 53.0915,-3.0439 53.0856,-3.013 53.0524,-3.0309 53.0402,-2.9929 53.0291,-2.9749 53.0356,-2.953 53.0286,-2.9136 53.0348,-2.8789 53.018,-2.8606 53.04,-2.8557 53.0372))"
"W09000010","W10000006","Dwyfor Meirionnydd","Dwyfor Meirionnydd","LL421BU",61731,"SRID=4326;MULTIPOLYGON(((-3.9771 53.0689,-3.9972 53.0376,-3.9902 53.0136,-3.9633 53.0108,-3.8989 53.0206,-3.8878 53.0116,-3.8962 52.9958,-3.8494 52.9773,-3.841 52.9623,-3.8132 52.9494,-3.7697 52.9593,-3.7353 52.9798,-3.683 52.9869,-3.6729 52.997,-3.6068 53.0121,-3.5995 53.0099,-3.6108 52.996,-3.583 52.9675,-3.5338 52.9737,-3.5045 52.9653,-3.458 52.9849,-3.4368 52.9808,-3.4487 52.9738,-3.4467 52.9632,-3.4914 52.9337,-3.4651 52.9203,-3.4885 52.8953,-3.4736 52.8713,-3.483 52.8654,-3.5054 52.8419,-3.5667 52.8301,-3.5682 52.8229,-3.5865 52.8277,-3.5971 52.814,-3.6065 52.787,-3.5969 52.7835,-3.5835 52.7386,-3.5993 52.7259,-3.602 52.7051,-3.6545 52.6917,-3.6825 52.6941,-3.7094 52.6711,-3.7168 52.6788,-3.7439 52.6813,-3.7593 52.6694,-3.8081 52.6779,-3.8407 52.6509,-3.8346 52.633,-3.8504 52.6206,-3.8421 52.5997,-3.8754 52.5928,-3.877 52.5896,-3.8833 52.5773,-3.9152 52.5784,-3.9284 52.5713,-3.926 52.5608,-3.9311 52.554,-3.937 52.5497,-3.9436 52.558,-3.9429 52.5584,-3.9398 52.5602,-3.9603 52.5607,-4.0639 52.5413,-4.1265 52.6073,-4.0949 52.6684,-4.0573 52.6873,-4.0497 52.7154,-4.0512 52.7038,-3.9916 52.736,-4.0359 52.7212,-4.0589 52.7178,-4.1505 52.8082,-4.1518 52.815,-4.1318 52.825,-4.1292 52.8223,-4.1167 52.8317,-4.1294 52.827,-4.1191 52.8481,-4.1485 52.8957,-4.1331 52.9008,-4.1228 52.8954,-4.0826 52.9012,-4.0646 52.9228,-4.1035 52.9089,-4.1105 52.9199,-4.1286 52.9218,-4.1348 52.914,-4.1518 52.9064,-4.2188 52.919,-4.2614 52.9109,-4.2637 52.9107,-4.3165 52.9086,-4.3267 52.8919,-4.382 52.896,-4.401 52.8906,-4.3987 52.886,-4.4105 52.8854,-4.4052 52.8843,-4.457 52.8711,-4.4766 52.8576,-4.4704 52.8478,-4.5061 52.825,-4.4973 52.8256,-4.4984 52.8107,-4.4853 52.8084,-4.4865 52.7948,-4.5148 52.7929,-4.5279 52.7778,-4.5426 52.7865,-4.5364 52.8004,-4.6013 52.8249,-4.6443 52.7998,-4.6611 52.8062,-4.6881 52.7935,-4.7207 52.8029,-4.7324 52.7818,-4.7678 52.796,-4.7224 52.8364,-4.7262 52.8535,-4.6961 52.8594,-4.6497 52.9062,-4.6321 52.906,-4.617 52.9228,-4.5705 52.9389,-4.5674 52.9486,-4.5606 52.9378,-4.5196 52.9403,-4.4718 52.9666,-4.437 52.9987,-4.4101 52.9981,-4.3539 53.0331,-4.3374 53.0589,-4.3385 53.0657,-4.3223 53.0655,-4.3216 53.0591,-4.3208 53.053,-4.3194 53.0412,-4.2952 53.0432,-4.2923 53.0323,-4.2862 53.0093,-4.2603 53.0285,-4.229 53.0175,-4.1856 53.0395,-4.171 53.04,-4.1598 53.0308,-4.0981 53.0337,-4.0791 53.0438,-4.0752 53.0755,-4.0292 53.0756,-4.0136 53.0897,-3.9867 53.0842,-3.9913 53.0765,-3.9771 53.0689)),((-4.8016 52.7451,-4.7934 52.7685,-4.7799 52.7661,-4.7802 52.759,-4.8016 52.7451)))"
"W09000011","W10000006","Montgomeryshire","Sir Drefaldwyn","SY225LU",63264,"SRID=4326;POLYGON((-3.1355 52.885,-3.1524 52.8787,-3.1277 52.8671,-3.163 52.8475,-3.1513 52.8426,-3.1679 52.8193,-3.1682 52.8073,-3.1532 52.8064,-3.1609 52.7957,-3.1183 52.7836,-3.0866 52.7956,-3.0917 52.7866,-3.0795 52.7715,-3.0478 52.7726,-3.0526 52.7687,-3.039 52.7704,-3.0351 52.764,-3.0172 52.7676,-3.0108 52.7585,-3.0218 52.7519,-2.992 52.7437,-2.9913 52.7338,-2.9651 52.7323,-2.9611 52.7165,-2.9781 52.7153,-2.9776 52.7266,-3.0006 52.7203,-3.0204 52.7251,-3.0225 52.7067,-3.0471 52.6913,-3.0386 52.6754,-3.0511 52.6474,-3.0836 52.6413,-3.0598 52.6307,-3.0732 52.6289,-3.0936 52.6093,-3.0896 52.5995,-3.1174 52.5857,-3.1395 52.5857,-3.1115 52.5413,-3.137 52.534,-3.1331 52.5275,-3.0854 52.5345,-3.0873 52.5513,-3.0142 52.5755,-2.9942 52.5529,-3.0039 52.5198,-3.0324 52.5237,-3.0292 52.5013,-3.111 52.4989,-3.1802 52.4739,-3.1972 52.476,-3.2245 52.4521,-3.2558 52.4637,-3.2872 52.458,-3.3137 52.4435,-3.3303 52.4451,-3.3442 52.4346,-3.3656 52.4437,-3.3988 52.4389,-3.3957 52.4324,-3.4117 52.4304,-3.4373 52.4032,-3.4795 52.3906,-3.5157 52.4092,-3.5359 52.405,-3.5722 52.3739,-3.5925 52.3724,-3.5869 52.3587,-3.6391 52.3709,-3.6673 52.3854,-3.6855 52.3682,-3.6972 52.3669,-3.712 52.4133,-3.7716 52.4421,-3.7664 52.4693,-3.7448 52.4746,-3.7333 52.5066,-3.7472 52.5069,-3.7722 52.4887,-3.798 52.4877,-3.8098 52.479,-3.8254 52.4837,-3.844 52.512,-3.8409 52.5513,-3.8595 52.5608,-3.8954 52.5608,-3.926 52.5608,-3.9284 52.5713,-3.9152 52.5784,-3.8833 52.5773,-3.877 52.5896,-3.8754 52.5928,-3.8421 52.5997,-3.8504 52.6206,-3.8346 52.633,-3.8407 52.6509,-3.8081 52.6779,-3.7593 52.6694,-3.7439 52.6813,-3.7168 52.6788,-3.7094 52.6711,-3.6825 52.6941,-3.6545 52.6917,-3.602 52.7051,-3.5993 52.7259,-3.5835 52.7386,-3.5969 52.7835,-3.6065 52.787,-3.5971 52.814,-3.5865 52.8277,-3.5682 52.8229,-3.5667 52.8301,-3.5054 52.8419,-3.483 52.8654,-3.4693 52.8619,-3.3888 52.8761,-3.375 52.8924,-3.3456 52.8925,-3.2618 52.8666,-3.233 52.867,-3.2054 52.8931,-3.1744 52.9016,-3.1475 52.8902,-3.1355 52.885))"
"W09000012","W10000006","Ceredigion","Ceredigion","SA445SU",72695,"SRID=4326;POLYGON((-4.5456 52.1335,-4.5186 52.135,-4.471 52.1603,-4.466 52.1739,-4.4597 52.1673,-4.4448 52.17,-4.3776 52.2158,-4.3619 52.2189,-4.3504 52.21,-4.3249 52.2136,-4.2075 52.2637,-4.1403 52.3226,-4.0921 52.4068,-4.0866 52.3992,-4.0918 52.414,-4.0681 52.469,-4.0521 52.4808,-4.0538 52.5343,-4.0405 52.52,-4.0391 52.5268,-4.0142 52.5265,-3.9835 52.5356,-3.9436 52.558,-3.937 52.5497,-3.9311 52.554,-3.926 52.5608,-3.8954 52.5608,-3.8595 52.5608,-3.8409 52.5513,-3.844 52.512,-3.8254 52.4837,-3.8098 52.479,-3.798 52.4877,-3.7722 52.4887,-3.7472 52.5069,-3.7333 52.5066,-3.7448 52.4746,-3.7664 52.4693,-3.7716 52.4421,-3.712 52.4133,-3.6972 52.3669,-3.6855 52.3682,-3.6582 52.3476,-3.7051 52.3414,-3.745 52.3176,-3.7277 52.3058,-3.7331 52.2903,-3.7072 52.274,-3.7316 52.2714,-3.7534 52.2517,-3.7442 52.2463,-3.7523 52.1976,-3.742 52.1396,-3.7581 52.1282,-3.7861 52.1045,-3.7944 52.1171,-3.8601 52.1422,-3.9067 52.1198,-3.9405 52.1384,-4.0187 52.097,-4.0597 52.1136,-4.1 52.096,-4.1282 52.0913,-4.1371 52.0957,-4.1587 52.0869,-4.1474 52.0806,-4.1584 52.0813,-4.1641 52.0681,-4.1929 52.0593,-4.2028 52.0635,-4.2348 52.0382,-4.2827 52.0399,-4.2884 52.0527,-4.3025 52.0496,-4.3044 52.0393,-4.3348 52.0413,-4.3506 52.0267,-4.3849 52.04,-4.3985 52.0346,-4.4111 52.0418,-4.4497 52.044,-4.4636 52.0365,-4.4875 52.0491,-4.5019 52.0426,-4.5356 52.0443,-4.5411 52.0521,-4.5449 52.0442,-4.5597 52.0437,-4.5663 52.0573,-4.5847 52.0608,-4.608 52.0621,-4.6246 52.0545,-4.6428 52.0656,-4.6433 52.0767,-4.6649 52.0578,-4.6813 52.0649,-4.6772 52.0733,-4.677 52.0737,-4.6766 52.0745,-4.6729 52.082,-4.6792 52.0906,-4.6885 52.1035,-4.6863 52.1298,-4.6406 52.1385,-4.5828 52.1379,-4.5671 52.1445,-4.5456 52.1335))"
"W09000014","W10000006","Preseli Pembrokeshire","Preseli Sir Benfro","SA659AQ",79620,"SRID=4326;MULTIPOLYGON(((-4.6649 52.0578,-4.6433 52.0767,-4.6428 52.0656,-4.6246 52.0545,-4.608 52.0621,-4.5847 52.0608,-4.5663 52.0573,-4.5597 52.0437,-4.5464 52.019,-4.523 52.0112,-4.5123 51.9949,-4.4871 51.9887,-4.4933 51.9613,-4.5414 51.9566,-4.5695 51.935,-4.5878 51.9318,-4.5999 51.9409,-4.6356 51.9186,-4.6679 51.9341,-4.7178 51.9124,-4.7135 51.8992,-4.7231 51.8957,-4.7067 51.8889,-4.6949 51.857,-4.7085 51.8453,-4.6823 51.8375,-4.6969 51.8291,-4.7196 51.8324,-4.7414 51.8265,-4.743 51.8374,-4.7769 51.8328,-4.7897 51.8459,-4.8224 51.844,-4.8349 51.8223,-4.8271 51.806,-4.861 51.8109,-4.8891 51.815,-4.9036 51.8053,-4.9413 51.8183,-4.9591 51.8042,-4.9559 51.7941,-4.936 51.7831,-4.9491 51.7693,-4.9402 51.7653,-4.9371 51.7661,-4.9146 51.7717,-4.9016 51.7655,-4.917 51.7618,-4.9007 51.7544,-4.9003 51.7465,-4.9137 51.7466,-4.8993 51.7383,-4.8873 51.7314,-4.8951 51.711,-4.9208 51.7049,-4.9417 51.7085,-4.9434 51.7175,-4.9463 51.7037,-4.985 51.6994,-5.0195 51.7066,-5.0363 51.7102,-5.062 51.7098,-5.0634 51.7075,-5.0781 51.7069,-5.1051 51.7236,-5.1057 51.7169,-5.1159 51.7103,-5.1246 51.7174,-5.1566 51.7128,-5.1678 51.719,-5.1685 51.7068,-5.1497 51.7023,-5.1581 51.7017,-5.1573 51.6879,-5.1755 51.6802,-5.1883 51.6898,-5.1872 51.7088,-5.2022 51.7154,-5.2148 51.7237,-5.2329 51.7174,-5.2278 51.7231,-5.254 51.7381,-5.2108 51.7339,-5.2028 51.7558,-5.1861 51.7536,-5.1602 51.7721,-5.1174 51.7683,-5.1076 51.7741,-5.1029 51.8101,-5.1232 51.852,-5.1377 51.8639,-5.1815 51.8611,-5.1791 51.8671,-5.1946 51.8672,-5.1895 51.8738,-5.2023 51.8666,-5.2458 51.8734,-5.2824 51.8702,-5.2963 51.8607,-5.2975 51.8661,-5.3153 51.8595,-5.3201 51.8638,-5.3073 51.8748,-5.3162 51.8846,-5.2958 51.8933,-5.3037 51.9036,-5.3146 51.9022,-5.3056 51.9084,-5.2592 51.9148,-5.2362 51.9295,-5.2102 51.9322,-5.1964 51.9506,-5.154 51.9483,-5.1467 51.9615,-5.107 51.9612,-5.1043 51.9693,-5.0854 51.9684,-5.0799 51.9853,-5.0956 51.9937,-5.0722 52.0045,-5.0896 52.0153,-5.0749 52.0307,-5.0208 52.0203,-4.9918 52.026,-4.9876 52.0165,-4.9699 52.0127,-4.9826 52.0147,-4.9929 52.004,-4.9809 52.0052,-4.9895 52.0006,-4.969 51.995,-4.9711 52.0015,-4.9196 52.0101,-4.91 52.035,-4.8789 52.0191,-4.8139 52.0188,-4.8412 52.0247,-4.8452 52.0425,-4.8275 52.054,-4.7908 52.0587,-4.759 52.0768,-4.7414 52.0987,-4.7495 52.104,-4.7315 52.1179,-4.6885 52.1035,-4.6792 52.0906,-4.6729 52.082,-4.6766 52.0745,-4.677 52.0737,-4.6772 52.0733,-4.6813 52.0649,-4.6649 52.0578)),((-5.3421 51.8536,-5.3532 51.8652,-5.3383 51.8791,-5.3298 51.8777,-5.3318 51.8565,-5.3421 51.8536)),((-5.2692 51.7347,-5.2802 51.7317,-5.2814 51.7367,-5.293 51.7283,-5.3108 51.7327,-5.3132 51.7398,-5.2996 51.7449,-5.2692 51.7347)),((-5.2881 51.6934,-5.274 51.7035,-5.2646 51.7018,-5.2701 51.6959,-5.2881 51.6934)))"
"W09000015","W10000006","Carmarthen East and Dinefwr","Dwyrain Caerfyrddin a Dinefwr","SA327LY",73116,"SRID=4326;POLYGON((-3.7203 52.1175,-3.7141 52.105,-3.7288 52.094,-3.7231 52.0852,-3.6671 52.0743,-3.679 52.0606,-3.6471 52.0388,-3.6683 52.0254,-3.67 52.0042,-3.7112 51.9619,-3.6999 51.9461,-3.7205 51.9419,-3.7276 51.9122,-3.7134 51.9055,-3.7138 51.8871,-3.7764 51.8394,-3.8067 51.7879,-3.8168 51.8015,-3.8651 51.8104,-3.9 51.803,-3.8821 51.7879,-3.8872 51.7688,-3.9184 51.7753,-3.9365 51.7713,-3.9652 51.7637,-3.9998 51.7741,-3.9981 51.7854,-4.0639 51.7685,-4.0733 51.7949,-4.0911 51.8009,-4.1413 51.7902,-4.1544 51.8018,-4.1971 51.7886,-4.191 51.7724,-4.2241 51.7481,-4.2107 51.737,-4.2284 51.7271,-4.2431 51.7431,-4.2569 51.7449,-4.263 51.7592,-4.275 51.7559,-4.2891 51.7643,-4.3229 51.7485,-4.3259 51.7357,-4.3657 51.738,-4.3762 51.7539,-4.3661 51.7873,-4.3269 51.8009,-4.3196 51.8189,-4.329 51.8288,-4.3135 51.8393,-4.3171 51.8509,-4.2919 51.8602,-4.2764 51.8659,-4.2893 51.8806,-4.2791 51.9013,-4.2905 51.9122,-4.2678 51.9404,-4.2861 51.9454,-4.2762 51.964,-4.292 51.9615,-4.3327 51.9811,-4.4025 51.9738,-4.4145 51.9799,-4.4681 51.9706,-4.4623 51.9553,-4.4933 51.9613,-4.4871 51.9887,-4.5123 51.9949,-4.523 52.0112,-4.5464 52.019,-4.5597 52.0437,-4.5449 52.0442,-4.5411 52.0521,-4.5356 52.0443,-4.5019 52.0426,-4.4875 52.0491,-4.4636 52.0365,-4.4497 52.044,-4.4111 52.0418,-4.3985 52.0346,-4.3849 52.04,-4.3506 52.0267,-4.3348 52.0413,-4.3044 52.0393,-4.3025 52.0496,-4.2884 52.0527,-4.2827 52.0399,-4.2348 52.0382,-4.2028 52.0635,-4.1929 52.0593,-4.1641 52.0681,-4.1584 52.0813,-4.1474 52.0806,-4.1587 52.0869,-4.1371 52.0957,-4.1282 52.0913,-4.1 52.096,-4.0597 52.1136,-4.0187 52.097,-3.9405 52.1384,-3.9067 52.1198,-3.8601 52.1422,-3.7944 52.1171,-3.7861 52.1045,-3.7581 52.1282,-3.7203 52.1175))"
"W09000016","W10000006","Carmarthen West and South Pembrokeshire","Gorllewin Caerfyrddin a De Sir Benfro","SA313NJ",78307,"SRID=4326;MULTIPOLYGON(((-4.3196 51.8189,-4.3269 51.8009,-4.3661 51.7873,-4.4038 51.7572,-4.4597 51.7701,-4.4177 51.7452,-4.424 51.7406,-4.4628 51.7317,-4.5592 51.742,-4.5787 51.7343,-4.6328 51.7352,-4.6763 51.7272,-4.6966 51.7126,-4.6802 51.6974,-4.6971 51.6863,-4.7018 51.6746,-4.6933 51.672,-4.7144 51.6587,-4.7113 51.6517,-4.7567 51.6537,-4.7559 51.644,-4.777 51.6424,-4.781 51.6349,-4.8128 51.6452,-4.8608 51.6471,-4.8618 51.6387,-4.8987 51.6272,-4.8964 51.6101,-4.9231 51.6114,-4.9234 51.5972,-4.9483 51.597,-4.9754 51.6104,-5.0076 51.6086,-5.0593 51.6206,-5.05 51.6398,-5.065 51.6634,-5.1233 51.6712,-5.1256 51.6816,-5.1049 51.6921,-5.0751 51.6879,-5.0867 51.6844,-5.0737 51.6778,-5.0463 51.6764,-5.0566 51.6878,-5.0462 51.6941,-4.9802 51.6859,-4.9735 51.6789,-4.9768 51.6882,-4.9463 51.7037,-4.9434 51.7175,-4.9417 51.7085,-4.9208 51.7049,-4.8951 51.711,-4.8873 51.7314,-4.8993 51.7383,-4.9137 51.7466,-4.9003 51.7465,-4.9007 51.7544,-4.917 51.7618,-4.9016 51.7655,-4.9146 51.7717,-4.9371 51.7661,-4.9402 51.7653,-4.9491 51.7693,-4.936 51.7831,-4.9559 51.7941,-4.9591 51.8042,-4.9413 51.8183,-4.9036 51.8053,-4.8891 51.815,-4.861 51.8109,-4.8271 51.806,-4.8349 51.8223,-4.8224 51.844,-4.7897 51.8459,-4.7769 51.8328,-4.743 51.8374,-4.7414 51.8265,-4.7196 51.8324,-4.6969 51.8291,-4.6823 51.8375,-4.7085 51.8453,-4.6949 51.857,-4.7067 51.8889,-4.7231 51.8957,-4.7135 51.8992,-4.7178 51.9124,-4.6679 51.9341,-4.6356 51.9186,-4.5999 51.9409,-4.5878 51.9318,-4.5695 51.935,-4.5414 51.9566,-4.4933 51.9613,-4.4623 51.9553,-4.4681 51.9706,-4.4145 51.9799,-4.4025 51.9738,-4.3327 51.9811,-4.292 51.9615,-4.2762 51.964,-4.2861 51.9454,-4.2678 51.9404,-4.2905 51.9122,-4.2791 51.9013,-4.2893 51.8806,-4.2764 51.8659,-4.2919 51.8602,-4.3171 51.8509,-4.3135 51.8393,-4.329 51.8288,-4.3196 51.8189)),((-4.6746 51.6377,-4.684 51.6299,-4.7034 51.632,-4.7095 51.6422,-4.7022 51.6423,-4.6746 51.6377)))"
"W09000017","W10000006","Llanelli","Llanelli","SA41UZ",83546,"SRID=4326;POLYGON((-4.0016 51.7626,-4.0493 51.7296,-4.0461 51.7186,-4.0429 51.7075,-4.0533 51.709,-4.0601 51.698,-4.0678 51.681,-4.0624 51.6727,-4.0683 51.669,-4.0816 51.6849,-4.0853 51.6617,-4.1355 51.6619,-4.147 51.6545,-4.1973 51.6837,-4.2446 51.6782,-4.2536 51.6828,-4.2775 51.668,-4.3196 51.6758,-4.3827 51.7273,-4.3799 51.7321,-4.3245 51.7286,-4.3657 51.738,-4.3259 51.7357,-4.3229 51.7485,-4.2891 51.7643,-4.275 51.7559,-4.263 51.7592,-4.2569 51.7449,-4.2431 51.7431,-4.2284 51.7271,-4.2107 51.737,-4.2241 51.7481,-4.191 51.7724,-4.1971 51.7886,-4.1544 51.8018,-4.1413 51.7902,-4.0911 51.8009,-4.0733 51.7949,-4.0639 51.7685,-3.9981 51.7854,-3.9998 51.7741,-4.0016 51.7626))"
"W09000018","W10000009","Gower","Gŵyr","SA45BD",79772,"SRID=4326;POLYGON((-4.0005 51.58,-3.9768 51.569,-3.9808 51.5647,-4.0244 51.5631,-4.0349 51.5701,-4.0643 51.5572,-4.1114 51.5699,-4.1037 51.5778,-4.1565 51.5619,-4.1526 51.541,-4.1948 51.5483,-4.2132 51.5375,-4.2788 51.5615,-4.3082 51.563,-4.289 51.5763,-4.3092 51.6096,-4.2796 51.6159,-4.2429 51.6488,-4.2301 51.6423,-4.2417 51.6308,-4.2224 51.6355,-4.1895 51.6289,-4.1931 51.6234,-4.1641 51.6265,-4.1585 51.6343,-4.1163 51.6447,-4.1024 51.6535,-4.0811 51.6576,-4.0693 51.6532,-4.0813 51.6621,-4.0683 51.669,-4.0624 51.6727,-4.0678 51.681,-4.0601 51.698,-4.0533 51.709,-4.0429 51.7075,-4.0461 51.7186,-4.0493 51.7296,-4.0016 51.7626,-3.9998 51.7741,-3.9652 51.7637,-3.9365 51.7713,-3.8885 51.7391,-3.876 51.704,-3.8431 51.6981,-3.8472 51.6872,-3.8973 51.6939,-3.9027 51.6879,-3.9148 51.6939,-3.9401 51.6835,-3.9523 51.6656,-3.9921 51.6551,-4.0355 51.6519,-4.0186 51.6256,-4.0223 51.6187,-4.0354 51.6198,-4.032 51.6172,-4.0247 51.6115,-4.0304 51.5865,-3.9964 51.5916,-4.0005 51.58))"
"W09000019","W10000009","Swansea West","Gorllewin Abertawe","SA16UD",83096,"SRID=4326;POLYGON((-3.9583 51.6122,-3.9939 51.5987,-3.9964 51.5916,-4.0304 51.5865,-4.0247 51.6115,-4.032 51.6172,-4.0354 51.6198,-4.0223 51.6187,-4.0186 51.6256,-4.0355 51.6519,-3.9921 51.6551,-3.9594 51.6411,-3.9654 51.634,-3.9443 51.6372,-3.9418 51.6541,-3.933 51.6556,-3.9288 51.6134,-3.9583 51.6122))"
"W09000020","W10000009","Swansea East","Dwyrain Abertawe","SA20WE",84125,"SRID=4326;POLYGON((-3.8581 51.6719,-3.8752 51.6575,-3.8838 51.6263,-3.8862 51.6175,-3.9269 51.6064,-3.9288 51.6134,-3.933 51.6556,-3.9418 51.6541,-3.9443 51.6372,-3.9654 51.634,-3.9594 51.6411,-3.9921 51.6551,-3.9523 51.6656,-3.9401 51.6835,-3.9148 51.6939,-3.9027 51.6879,-3.8973 51.6939,-3.8472 51.6872,-3.8581 51.6719))"
"W09000021","W10000009","Neath","Castell-nedd","SA111DR",74500,"SRID=4326;POLYGON((-3.7703 51.7545,-3.7461 51.7534,-3.7191 51.7782,-3.6704 51.7872,-3.6036 51.7739,-3.5913 51.7546,-3.5822 51.714,-3.6002 51.7208,-3.6787 51.6747,-3.7032 51.6497,-3.725 51.6455,-3.7373 51.6324,-3.7496 51.6375,-3.7599 51.6279,-3.7761 51.6293,-3.7776 51.6399,-3.8374 51.6517,-3.8365 51.6621,-3.8581 51.6719,-3.8472 51.6872,-3.8431 51.6981,-3.876 51.704,-3.8885 51.7391,-3.9365 51.7713,-3.9184 51.7753,-3.8872 51.7688,-3.8821 51.7879,-3.9 51.803,-3.8651 51.8104,-3.8168 51.8015,-3.8067 51.7879,-3.7703 51.7545))"
"W09000022","W10000009","Aberavon","Aberafan","SA132DU",68815,"SRID=4326;POLYGON((-3.8862 51.6175,-3.8838 51.6263,-3.8752 51.6575,-3.8581 51.6719,-3.8365 51.6621,-3.8374 51.6517,-3.7776 51.6399,-3.7761 51.6293,-3.7599 51.6279,-3.7496 51.6375,-3.7373 51.6324,-3.725 51.6455,-3.7032 51.6497,-3.6787 51.6747,-3.6002 51.7208,-3.5822 51.714,-3.5896 51.6793,-3.5633 51.6455,-3.5999 51.6382,-3.6618 51.6454,-3.6773 51.6277,-3.6767 51.6013,-3.6909 51.6036,-3.6934 51.597,-3.6508 51.5553,-3.6567 51.5391,-3.6708 51.5389,-3.7046 51.5274,-3.7607 51.5356,-3.7899 51.5698,-3.8172 51.5743,-3.799 51.5733,-3.8026 51.5818,-3.8169 51.5797,-3.7994 51.5854,-3.8118 51.5835,-3.8508 51.6144,-3.8368 51.6237,-3.8862 51.6175))"
"W09000023","W10000009","Bridgend","Pen-y-Bont ar Ogwr","CF363RH",85504,"SRID=4326;POLYGON((-3.6681 51.5258,-3.6536 51.518,-3.6222 51.5294,-3.5302 51.5347,-3.5302 51.5189,-3.5083 51.5081,-3.5394 51.491,-3.5328 51.4816,-3.5547 51.4928,-3.6196 51.4766,-3.6385 51.4702,-3.6626 51.4805,-3.6795 51.4732,-3.7208 51.4797,-3.7494 51.504,-3.7627 51.5365,-3.7607 51.5356,-3.7046 51.5274,-3.6708 51.5389,-3.6681 51.5258))"
"W09000025","W10000007","Rhondda","Rhondda","CF402YN",69739,"SRID=4326;POLYGON((-3.3764 51.6005,-3.4203 51.5953,-3.4436 51.6071,-3.4496 51.6016,-3.4964 51.6105,-3.5381 51.6443,-3.5633 51.6455,-3.5896 51.6793,-3.5822 51.714,-3.5397 51.7115,-3.4886 51.6868,-3.4453 51.6757,-3.3795 51.6223,-3.3764 51.6005))"
"W09000026","W10000007","Cynon Valley","Cwm Cynon","CF448HA",71329,"SRID=4326;POLYGON((-3.4407 51.7958,-3.4166 51.7681,-3.4275 51.7585,-3.4531 51.7617,-3.3999 51.7179,-3.3806 51.7114,-3.3293 51.6551,-3.3138 51.6557,-3.3139 51.6447,-3.3003 51.6106,-3.3277 51.61,-3.36 51.6267,-3.3795 51.6223,-3.4453 51.6757,-3.4886 51.6868,-3.5397 51.7115,-3.5822 51.714,-3.5913 51.7546,-3.5656 51.7649,-3.5599 51.7775,-3.5371 51.7762,-3.5412 51.7846,-3.4763 51.8095,-3.4701 51.8285,-3.4601 51.8301,-3.4442 51.8165,-3.4407 51.7958))"
"W09000029","W10000007","Cardiff West","Gorllewin Caerdydd","CF55EB",94174,"SRID=4326;POLYGON((-3.2548 51.5195,-3.2382 51.5157,-3.2416 51.5091,-3.224 51.4985,-3.1959 51.4953,-3.1822 51.4756,-3.2017 51.4774,-3.2069 51.466,-3.2182 51.4747,-3.248 51.4646,-3.2714 51.4653,-3.2984 51.4999,-3.3357 51.5084,-3.3416 51.5351,-3.3237 51.5363,-3.3104 51.5489,-3.2777 51.5519,-3.2616 51.5378,-3.2548 51.5195))"
"W09000031","W10000007","Cardiff Central","Canol Caerdydd","CF26AS",93919,"SRID=4326;POLYGON((-3.1431 51.5077,-3.1362 51.498,-3.1822 51.4756,-3.1959 51.4953,-3.1774 51.5035,-3.1817 51.5249,-3.1666 51.5327,-3.1324 51.5269,-3.1431 51.5077))"
"W09000034","W10000008","Monmouth","Mynwy","NP65YE",86627,"SRID=4326;POLYGON((-2.6595 51.8107,-2.6786 51.8026,-2.6698 51.7943,-2.6804 51.7689,-2.6627 51.754,-2.6722 51.7364,-2.6875 51.7304,-2.6684 51.7058,-2.6838 51.7006,-2.6692 51.6931,-2.6722 51.681,-2.6569 51.6745,-2.6864 51.6632,-2.6659 51.6643,-2.6803 51.6475,-2.6685 51.6456,-2.6566 51.6228,-2.6588 51.6163,-2.6624 51.6176,-2.6956 51.6034,-2.7126 51.5824,-2.7249 51.5813,-2.7399 51.5896,-2.7416 51.6042,-2.7735 51.5909,-2.7814 51.6016,-2.836 51.6034,-2.8303 51.6149,-2.8031 51.6162,-2.8368 51.6495,-2.8836 51.6415,-2.9091 51.6239,-2.9203 51.6271,-2.9425 51.6175,-2.9477 51.6286,-2.9758 51.627,-3.0101 51.6429,-3.0149 51.6599,-3.014 51.672,-3.001 51.668,-3.0016 51.6778,-2.99 51.6801,-2.9794 51.6737,-2.9686 51.6914,-3.002 51.6908,-2.9824 51.7139,-3.0048 51.7215,-3.0254 51.7181,-3.0339 51.7255,-3.0278 51.7454,-3.0495 51.7618,-3.0434 51.7704,-3.0589 51.7836,-3.106 51.7955,-3.1342 51.7928,-3.1569 51.7961,-3.1458 51.8047,-3.1573 51.816,-3.118 51.8389,-3.1016 51.8318,-3.0972 51.8464,-3.0655 51.8626,-3.0722 51.8752,-3.0436 51.8807,-3.0386 51.8937,-3.0495 51.9114,-3.0786 51.9245,-3.09 51.9503,-3.0816 51.9554,-3.0931 51.9652,-3.0674 51.9831,-3.0259 51.9573,-3.0081 51.9271,-2.9767 51.9275,-2.9718 51.905,-2.8778 51.9338,-2.8449 51.922,-2.8619 51.914,-2.8419 51.9177,-2.8361 51.906,-2.7684 51.8805,-2.7788 51.8659,-2.7388 51.8366,-2.7196 51.8489,-2.7151 51.8402,-2.6973 51.8448,-2.6933 51.8338,-2.6662 51.8356,-2.6504 51.8261,-2.6609 51.8227,-2.6595 51.8107))"
"W09000035","W10000008","Caerphilly","Caerffili","CF838SA",88270,"SRID=4326;POLYGON((-3.2226 51.6545,-3.2346 51.6285,-3.2255 51.6199,-3.1975 51.6188,-3.1677 51.6053,-3.1296 51.6108,-3.1052 51.5972,-3.1199 51.5925,-3.1217 51.5797,-3.0902 51.5685,-3.1189 51.5456,-3.1445 51.5553,-3.1526 51.5516,-3.1637 51.5605,-3.2377 51.5526,-3.2486 51.5689,-3.2628 51.5662,-3.2698 51.5838,-3.2914 51.5921,-3.3003 51.6106,-3.3139 51.6447,-3.2961 51.6641,-3.2834 51.6609,-3.2847 51.6771,-3.2294 51.698,-3.2226 51.6545))"
"W09000036","W10000008","Islwyn","Islwyn","NP16FY",76603,"SRID=4326;POLYGON((-3.224 51.7291,-3.2109 51.7307,-3.2196 51.7452,-3.2101 51.7501,-3.1672 51.7099,-3.1568 51.714,-3.1281 51.6948,-3.1377 51.6819,-3.1161 51.6908,-3.102 51.6821,-3.0844 51.6884,-3.0717 51.6742,-3.0748 51.6522,-3.1024 51.6336,-3.0818 51.6194,-3.0637 51.6055,-3.0937 51.5914,-3.1052 51.5972,-3.1296 51.6108,-3.1677 51.6053,-3.1975 51.6188,-3.2255 51.6199,-3.2346 51.6285,-3.2226 51.6545,-3.2294 51.698,-3.215 51.7076,-3.2228 51.7231,-3.224 51.7291))"
"W09000037","W10000008","Torfaen","Torfaen","NP45PF",84075,"SRID=4326;POLYGON((-3.106 51.7955,-3.0589 51.7836,-3.0434 51.7704,-3.0495 51.7618,-3.0278 51.7454,-3.0339 51.7255,-3.0254 51.7181,-3.0048 51.7215,-2.9824 51.7139,-3.002 51.6908,-2.9686 51.6914,-2.9794 51.6737,-2.99 51.6801,-3.0016 51.6778,-3.001 51.668,-3.014 51.672,-3.0149 51.6599,-3.0101 51.6429,-2.9758 51.627,-2.9893 51.6288,-3.0195 51.6165,-3.0472 51.6225,-3.045 51.6067,-3.0818 51.6194,-3.1024 51.6336,-3.0748 51.6522,-3.0717 51.6742,-3.0844 51.6884,-3.102 51.6821,-3.1161 51.6908,-3.106 51.7205,-3.1149 51.7586,-3.1061 51.7612,-3.1439 51.7861,-3.1342 51.7928,-3.106 51.7955))"
"W09000038","W10000008","Blaenau Gwent","Blaenau Gwent","NP132HB",69862,"SRID=4326;POLYGON((-3.3086 51.8061,-3.2834 51.8255,-3.2388 51.8123,-3.1573 51.816,-3.1458 51.8047,-3.1569 51.7961,-3.1342 51.7928,-3.1439 51.7861,-3.1061 51.7612,-3.1149 51.7586,-3.106 51.7205,-3.1161 51.6908,-3.1377 51.6819,-3.1281 51.6948,-3.1568 51.714,-3.1672 51.7099,-3.2101 51.7501,-3.2196 51.7452,-3.2109 51.7307,-3.224 51.7291,-3.2228 51.7231,-3.267 51.7593,-3.2746 51.7785,-3.3013 51.799,-3.3101 51.7943,-3.3086 51.8061))"
"W09000039","W10000008","Newport West","Gorllewin Casnewydd","NP95PP",90070,"SRID=4326;POLYGON((-2.9477 51.6286,-2.9425 51.6175,-2.9203 51.6271,-2.9091 51.6239,-2.9135 51.6088,-2.9506 51.5954,-2.9784 51.6058,-2.9934 51.6095,-2.9949 51.5913,-2.9755 51.5766,-2.9867 51.5683,-2.9702 51.5556,-2.99 51.5484,-2.9952 51.5365,-3.0827 51.5018,-3.0904 51.5099,-3.0689 51.5203,-3.0941 51.5357,-3.1189 51.5456,-3.0902 51.5685,-3.1217 51.5797,-3.1199 51.5925,-3.1052 51.5972,-3.0937 51.5914,-3.0637 51.6055,-3.0818 51.6194,-3.045 51.6067,-3.0472 51.6225,-3.0195 51.6165,-2.9893 51.6288,-2.9758 51.627,-2.9477 51.6286))"
"W09000040","W10000008","Newport East","Dwyrain Casnewydd","NP98LP",82455,"SRID=4326;POLYGON((-2.8836 51.6415,-2.8368 51.6495,-2.8031 51.6162,-2.8303 51.6149,-2.836 51.6034,-2.7814 51.6016,-2.7735 51.5909,-2.7416 51.6042,-2.7399 51.5896,-2.7249 51.5813,-2.7577 51.5784,-2.8216 51.5541,-2.905 51.5324,-2.9238 51.5369,-2.9512 51.5351,-2.9794 51.5433,-2.9702 51.5556,-2.9867 51.5683,-2.9755 51.5766,-2.9949 51.5913,-2.9934 51.6095,-2.9784 51.6058,-2.9506 51.5954,-2.9135 51.6088,-2.9091 51.6239,-2.8836 51.6415))"
"W09000041","W10000006","Brecon and Radnorshire","Brycheiniog a Sir Faesyfed","LD39LF",69171,"SRID=4326;POLYGON((-2.9496 52.2695,-2.9772 52.2597,-3.0058 52.2642,-3.0359 52.2567,-3.0483 52.2502,-3.0442 52.2379,-3.073 52.2359,-3.0721 52.2131,-3.1021 52.2027,-3.0946 52.1837,-3.1224 52.1634,-3.0989 52.1547,-3.0825 52.163,-3.0725 52.1558,-3.0937 52.1443,-3.1359 52.1379,-3.1419 52.1279,-3.105 52.1167,-3.1055 52.1054,-3.1227 52.1032,-3.1259 52.0783,-3.0906 52.0505,-3.0863 52.0402,-3.0992 52.0227,-3.0674 51.9831,-3.0931 51.9652,-3.0816 51.9554,-3.09 51.9503,-3.0786 51.9245,-3.0495 51.9114,-3.0386 51.8937,-3.0436 51.8807,-3.0722 51.8752,-3.0655 51.8626,-3.0972 51.8464,-3.1016 51.8318,-3.118 51.8389,-3.1573 51.816,-3.2388 51.8123,-3.2834 51.8255,-3.3086 51.8061,-3.3101 51.7943,-3.36 51.7911,-3.3575 51.807,-3.4023 51.8142,-3.4024 51.8263,-3.4171 51.8351,-3.4442 51.8165,-3.4601 51.8301,-3.4701 51.8285,-3.4763 51.8095,-3.5412 51.7846,-3.5371 51.7762,-3.5599 51.7775,-3.5656 51.7649,-3.5913 51.7546,-3.6036 51.7739,-3.6704 51.7872,-3.7191 51.7782,-3.7461 51.7534,-3.7703 51.7545,-3.8067 51.7879,-3.7764 51.8394,-3.7138 51.8871,-3.7134 51.9055,-3.7276 51.9122,-3.7205 51.9419,-3.6999 51.9461,-3.7112 51.9619,-3.67 52.0042,-3.6683 52.0254,-3.6471 52.0388,-3.679 52.0606,-3.6671 52.0743,-3.7231 52.0852,-3.7288 52.094,-3.7141 52.105,-3.7203 52.1175,-3.7581 52.1282,-3.742 52.1396,-3.7523 52.1976,-3.7442 52.2463,-3.7534 52.2517,-3.7316 52.2714,-3.7072 52.274,-3.7331 52.2903,-3.7277 52.3058,-3.745 52.3176,-3.7051 52.3414,-3.6582 52.3476,-3.6855 52.3682,-3.6673 52.3854,-3.6391 52.3709,-3.5869 52.3587,-3.5925 52.3724,-3.5722 52.3739,-3.5359 52.405,-3.5157 52.4092,-3.4795 52.3906,-3.4373 52.4032,-3.4117 52.4304,-3.3957 52.4324,-3.3988 52.4389,-3.3656 52.4437,-3.3442 52.4346,-3.3303 52.4451,-3.3137 52.4435,-3.2872 52.458,-3.2558 52.4637,-3.2245 52.4521,-3.2355 52.4425,-3.2195 52.4212,-3.1788 52.4094,-3.1544 52.3877,-3.1106 52.3772,-3.0607 52.3482,-3.0402 52.3443,-2.9745 52.3547,-2.9547 52.3491,-2.9668 52.3294,-3.0009 52.3218,-3.0126 52.2792,-2.9496 52.2695))"
"W09000042","W10000007","Cardiff North","Gogledd Caerdydd","CF46NF",91158,"SRID=4326;POLYGON((-3.1637 51.5605,-3.1526 51.5516,-3.1445 51.5553,-3.1189 51.5456,-3.0941 51.5357,-3.1127 51.5209,-3.1197 51.5307,-3.1324 51.5269,-3.1666 51.5327,-3.1817 51.5249,-3.1774 51.5035,-3.1959 51.4953,-3.224 51.4985,-3.2416 51.5091,-3.2382 51.5157,-3.2548 51.5195,-3.2616 51.5378,-3.2377 51.5526,-3.1637 51.5605))"
"W09000043","W10000007","Cardiff South and Penarth","De Caerdydd a Phenarth","CF119WE",117671,"SRID=4326;POLYGON((-3.2174 51.4146,-3.1991 51.416,-3.1997 51.4261,-3.2008 51.445,-3.2114 51.4464,-3.2069 51.466,-3.2017 51.4774,-3.1822 51.4756,-3.1362 51.498,-3.1431 51.5077,-3.1324 51.5269,-3.1197 51.5307,-3.1127 51.5209,-3.0941 51.5357,-3.0689 51.5203,-3.0904 51.5099,-3.0827 51.5018,-3.1139 51.4928,-3.1403 51.473,-3.1641 51.4458,-3.1644 51.4458,-3.1656 51.4461,-3.1696 51.4062,-3.1876 51.4001,-3.2241 51.4037,-3.2385 51.4002,-3.2363 51.4131,-3.2174 51.4146))"
"W09000044","W10000008","Merthyr Tydfil and Rhymney","Merthyr Tudful a Rhymni","CF478YN",76528,"SRID=4326;POLYGON((-3.4171 51.8351,-3.4024 51.8263,-3.4023 51.8142,-3.3575 51.807,-3.36 51.7911,-3.3101 51.7943,-3.3013 51.799,-3.2746 51.7785,-3.267 51.7593,-3.2228 51.7231,-3.215 51.7076,-3.2294 51.698,-3.2847 51.6771,-3.2834 51.6609,-3.2961 51.6641,-3.3139 51.6447,-3.3138 51.6557,-3.3293 51.6551,-3.3806 51.7114,-3.3999 51.7179,-3.4531 51.7617,-3.4275 51.7585,-3.4166 51.7681,-3.4407 51.7958,-3.4442 51.8165,-3.4171 51.8351))"
"W09000045","W10000009","Ogmore","Ogwr","CF729LJ",77588,"SRID=4326;POLYGON((-3.5381 51.6443,-3.4964 51.6105,-3.4496 51.6016,-3.4604 51.5832,-3.4554 51.5685,-3.4357 51.5534,-3.4127 51.5577,-3.3942 51.5517,-3.3931 51.5242,-3.4132 51.5156,-3.4097 51.5062,-3.4679 51.515,-3.4896 51.5113,-3.5083 51.5081,-3.5302 51.5189,-3.5302 51.5347,-3.6222 51.5294,-3.6536 51.518,-3.6681 51.5258,-3.6708 51.5389,-3.6567 51.5391,-3.6508 51.5553,-3.6934 51.597,-3.6909 51.6036,-3.6767 51.6013,-3.6773 51.6277,-3.6618 51.6454,-3.5999 51.6382,-3.5633 51.6455,-3.5381 51.6443))"
"W09000046","W10000007","Pontypridd","Pontypridd","CF157QE",84153,"SRID=4326;POLYGON((-3.36 51.6267,-3.3277 51.61,-3.3003 51.6106,-3.2914 51.5921,-3.2698 51.5838,-3.2628 51.5662,-3.2486 51.5689,-3.2377 51.5526,-3.2616 51.5378,-3.2777 51.5519,-3.3104 51.5489,-3.3237 51.5363,-3.3416 51.5351,-3.3357 51.5084,-3.3785 51.5127,-3.4019 51.499,-3.4097 51.5062,-3.4132 51.5156,-3.3931 51.5242,-3.3942 51.5517,-3.4127 51.5577,-3.4357 51.5534,-3.4554 51.5685,-3.4604 51.5832,-3.4496 51.6016,-3.4436 51.6071,-3.4203 51.5953,-3.3764 51.6005,-3.3795 51.6223,-3.36 51.6267))"
"W09000047","W10000007","Vale of Glamorgan","Bro Morgannwg","CF69AH",103568,"SRID=4326;POLYGON((-3.4019 51.499,-3.3785 51.5127,-3.3357 51.5084,-3.2984 51.4999,-3.2714 51.4653,-3.248 51.4646,-3.2182 51.4747,-3.2069 51.466,-3.2114 51.4464,-3.2008 51.445,-3.1997 51.4261,-3.1991 51.416,-3.2174 51.4146,-3.2363 51.4131,-3.2385 51.4002,-3.2609 51.3948,-3.2657 51.3875,-3.3105 51.3927,-3.3779 51.3813,-3.4051 51.3813,-3.4149 51.3878,-3.5589 51.4013,-3.5969 51.4411,-3.6419 51.4634,-3.6196 51.4766,-3.5547 51.4928,-3.5328 51.4816,-3.5394 51.491,-3.5083 51.5081,-3.4896 51.5113,-3.4679 51.515,-3.4097 51.5062,-3.4019 51.499))"
